John Norman Abelson,M,AAAS
Sankar L. Adhya,M,AAAS
Julius Adler,M,AAAS
David A. Agard,M,AAAS
Bruce Michael Alberts,M,AAAS
Sidney Altman,M,AAAS
David Matthew Altshuler,M,AAAS
Bruce N. Ames,M,AAAS
Richard Axel,M,AAAS
David Baker,M,AAAS
Tania Ann Baker,F,AAAS
Robert Lesh Baldwin,M,AAAS
David Baltimore,M,AAAS
Brenda L. Bass,F,AAAS
Adriaan Bax,M,AAAS
Philip Beachy,M,AAAS
Jonathan Roger Beckwith,M,AAAS
Marlene Belfort,F,AAAS
Howard C. Berg,M,AAAS
James M. Berger,M,AAAS
Shelley L. Berger,F,AAAS
Arnold J. Berk,M,AAAS
Elizabeth Blackburn,F,AAAS
Steven M. Block,M,AAAS
Jef D. Boeke,M,AAAS
Michael R. Botchan,M,AAAS
Henry Reid Bourne,M,AAAS
Herbert Wayne Boyer,M,AAAS
Paul Delos Boyer,M,AAAS
Winslow Russell Briggs,M,AAAS
Gene M. Brown,M,AAAS
Joan S. Brugge,F,AAAS
Carlos J. Bustamante,M,AAAS
Allan McCulloch Campbell,M,AAAS
Lewis Clayton Cantley,M,AAAS
Charles R. Cantor,M,AAAS
John Anthony Carbon,M,AAAS
Marvin Harry Caruthers,M,AAAS
Donald L. D. Caspar,M,AAAS
Thomas Robert Cech,M,AAAS
Michael John Chamberlin,M,AAAS
G. Marius Clore,M,AAAS
Carolyn Cohen,D,AAAS
Fred E. Cohen,M,AAAS
Stanley Cohen,M,AAAS
Stanley Norman Cohen,M,AAAS
Seymour Stanley Cohen,M,AAAS
Melvin Cohn,M,AAAS
Joan W. Conaway,D,AAAS
Ronald C. Conaway,M,AAAS
Minor Jesser Coon,M,AAAS
Donald Lee Court,M,AAAS
Elizabeth A. Craig,D,AAAS
Nancy L. Craig,D,AAAS
Carlo M. Croce,M,AAAS
James E. Dahlberg,M,AAAS
Jr. James Edwin Darnell,M,AAAS
Earl W. Davie,M,AAAS
David R. Davies,M,AAAS
William F. DeGrado,M,AAAS
H. F. DeLuca,M,AAAS
Joe L. DeRisi,M,AAAS
David DeRosier,M,AAAS
Raymond J. Deshaies,M,AAAS
Theodor Otto Diener,M,AAAS
Kenneth A. Dill,M,AAAS
Jack E. Dixon,M,AAAS
Russell F. Doolittle,M,AAAS
Jennifer A. Doudna,F,AAAS
Gideon Dreyfuss,M,AAAS
William Allen Eaton,M,AAAS
David Eisenberg,M,AAAS
Sarah C.R. Elgin,F,AAAS
Stephen Elledge,M,AAAS
Elliot Lawrence Elson,M,AAAS
Donald Max Engelman,M,AAAS
Solomon Walter Englander,M,AAAS
Raymond Leo Erikson,M,AAAS
Ronald M. Evans,M,AAAS
Gary Felsenfeld,M,AAAS
Gerald R. Fink,M,AAAS
Edmond Henri Fischer,M,AAAS
Maurice Fox,M,AAAS
Joachim Frank,M,AAAS
Perry Allen Frey,M,AAAS
Carl Frieden,M,AAAS
Jeffrey M. Friedman,M,AAAS
E. Peter Geiduschek,M,AAAS
Martin Frank Gellert,M,AAAS
Walter Gilbert,M,AAAS
Alexander N. Glazer,M,AAAS
David VanNorman Goeddel,M,AAAS
Stephen P. Goff,M,AAAS
Lawrence Marshall Gold,M,AAAS
Irving H. Goldberg,M,AAAS
Daniel E. Gottschling,M,AAAS
Richard L. Gourse,M,AAAS
Carol W. Greider,F,AAAS
Jack D. Griffith,M,AAAS
Carol A. Gross,F,AAAS
Alan D. Grossman,M,AAAS
Guido Guidotti,M,AAAS
Christine Guthrie,F,AAAS
Benjamin D. Hall,M,AAAS
Douglas Hanahan,M,AAAS
Philip C. Hanawalt,M,AAAS
Edward Everett Jr. Harlow,M,AAAS
Stephen C. Harrison,M,AAAS
Robert Haselkorn,M,AAAS
Donald Helinski,M,AAAS
Wayne A. Hendrickson,M,AAAS
Tina M. Henkin,F,AAAS
Alan G. Hinnebusch,M,AAAS
Barry Hirsh Honig,M,AAAS
Wayne Lester Hubbell,M,AAAS
Frank M. Huennekens,M,AAAS
Donald Frederick Hunt,M,AAAS
Jerard Hurwitz,M,AAAS
Clyde A. Hutchison III,M,AAAS
Masayori Inouye,M,AAAS
Tyler E. Jacks,M,AAAS
Gerald F. Joyce,M,AAAS
Howard Ronald Kaback,M,AAAS
Armin Dale Kaiser,M,AAAS
Arthur Karlin,M,AAAS
Haig H. Jr. Kazazian,M,AAAS
Thomas J. Jr. Kelly,M,AAAS
Peter S. Kim,M,AAAS
Sung-Hou Kim,M,AAAS
Mary-Claire King,F,AAAS
Robert E. Kingston,M,AAAS
Karla Kirkegaard,F,AAAS
Nancy Kleckner,F,AAAS
Claude Klee,F,AAAS
Judith Pollock Klinman,F,AAAS
Brian K. Kobilka,M,AAAS
Richard Kolodner,M,AAAS
Eugene V. Koonin,M,AAAS
Douglas E. Koshland,M,AAAS
Stephen C. Kowalczykowski,M,AAAS
John Kuriyan,M,AAAS
Robert Andrew Lamb,M,AAAS
Alan M. Lambowitz,M,AAAS
Eric S. Lander,M,AAAS
Arthur Landy,M,AAAS
Philip Leder,M,AAAS
I. Robert Lehman,M,AAAS
Richard A. Lerner,M,AAAS
Michael Levitt,M,AAAS
Susan Lee Lindquist,F,AAAS
Stuart M. Linn,M,AAAS
David J. Lipman,M,AAAS
John T. Lis,M,AAAS
Harvey F. Lodish,M,AAAS
Sharon Rugel Long,F,AAAS
Richard Marc Losick,M,AAAS
Barbara W. Low,F,AAAS
Susan Lowey,F,AAAS
Thomas Peter Maniatis,M,AAAS
James L. Manley,M,AAAS
Lynne E. Maquat,F,AAAS
Kenneth J. Marians,M,AAAS
Michael A. Marletta,M,AAAS
Susan Marqusee,F,AAAS
Rowena Green Matthews,F,AAAS
William H. McClain,M,AAAS
Steven Lanier McKnight,M,AAAS
Sabeeha Merchant,F,AAAS
Matthew Stanley Meselson,M,AAAS
Kiyoshi Mizuuchi,M,AAAS
Paul Lawrence Modrich,M,AAAS
Peter Bartlett Moore,M,AAAS
Andrew W. Murray,M,AAAS
Frederick Carl Neidhardt,M,AAAS
Elizabeth Fondal Neufeld,F,AAAS
Baldomero M. Olivera,M,AAAS
Mary Jane Osborn,F,AAAS
Erin K. O'Shea,F,AAAS
Carl O. Pabo,M,AAAS
Richard Deforest Palmiter,M,AAAS
Arthur Beck Pardee,M,AAAS
Roy R. Parker,M,AAAS
Dinshaw J. Patel,M,AAAS
Nikola Panayot Pavletich,M,AAAS
Gregory A. Petsko,M,AAAS
Mark Ptashne,M,AAAS
Anna Marie Pyle,F,AAAS
Uttam L. RajBhandary,M,AAAS
Linda Lea Randall,F,AAAS
Tom A. Rapoport,M,AAAS
M. Thomas Record,M,AAAS
Alfred Guillou Redfield,M,AAAS
Edward Reich,M,AAAS
Danny F. Reinberg,M,AAAS
Charles Clifton Richardson,M,AAAS
Jane S. Richardson,F,AAAS
Jeffrey W. Roberts,M,AAAS
Richard J. Roberts,M,AAAS
Bernard Roizman,M,AAAS
Michael George Rossmann,M,AAAS
Lucia B. Rothman-Denes,F,AAAS
Joan V. Ruderman,F,AAAS
William J. Rutter,M,AAAS
Aziz Sancar,M,AAAS
Robert T. Sauer,M,AAAS
Howard Kapnek Schachman,M,AAAS
Paul Reinhard Schimmel,M,AAAS
Brenda A. Schulman,F,AAAS
Edward M. Scolnick,M,AAAS
Phillip Allen Sharp,M,AAAS
Kevan M. Shokat,M,AAAS
Stewart Shuman,M,AAAS
Melvin I. Simon,M,AAAS
Larry Simpson,M,AAAS
Maxine Frank Singer,F,AAAS
Robert H. Singer,M,AAAS
Seymour Jonathan Singer,M,AAAS
Robert Louis Sinsheimer,M,AAAS
Anna Marie Skalka,F,AAAS
John Lee Spudich,M,AAAS
Thressa Campbell Stadtman,F,AAAS
Franklin William Stahl,M,AAAS
Joan Argetsinger Steitz,F,AAAS
Thomas Arthur Steitz,M,AAAS
Bruce William Stillman,M,AAAS
Gisela T. Storz,F,AAAS
Jack Leonard Strominger,M,AAAS
Robert M. Stroud,M,AAAS
Kevin Struhl,M,AAAS
Lubert Stryer,M,AAAS
F. William Studier,M,AAAS
Wesley Ian Sundquist,M,AAAS
Andrew G. Szent-Györgyi,M,AAAS
Jack W. Szostak,M,AAAS
Herbert Tabor,M,AAAS
Paul Talalay,M,AAAS
Susan S. Taylor,F,AAAS
Susumu Tonegawa,M,AAAS
Olke Cornelis Uhlenbeck,M,AAAS
P. Roy Vagelos,M,AAAS
George F. Vande Woude,M,AAAS
Kensal Edward van Holde,M,AAAS
Martha Vaughan,F,AAAS
J. Craig Venter,M,AAAS
Peter K. Vogt,M,AAAS
Peter Hans von Hippel,M,AAAS
Gerhard Wagner,M,AAAS
Graham C. Walker,M,AAAS
Christopher Thomas Walsh,M,AAAS
James C. Wang,M,AAAS
Jean Yin Jen Wang,M,AAAS
Robert H. Waterston,M,AAAS
James Dewey Watson,M,AAAS
Robert A. Weinberg,M,AAAS
Irving L. Weissman,M,AAAS
James A. Wells,M,AAAS
Marvin Pete Wickens,M,AAAS
Reed Brendon Wickner,M,AAAS
Sue Hengren Wickner,F,AAAS
William Tobey Wickner,M,AAAS
James R. Williamson,M,AAAS
Ian Andrew Wilson,M,AAAS
Thomas H. Wilson,M,AAAS
Ralph Stoner Wolfe,M,AAAS
Richard Vance Wolfenden,M,AAAS
William Barry Wood,M,AAAS
Jerry L. Workman,M,AAAS
Peter E. Wright,M,AAAS
Carl Wu,M,AAAS
Wei Yang,F,AAAS
Charles Yanofsky,M,AAAS
C. David Allis,M,AAAS
Victor Ambros,M,AAAS
David J. Anderson,M,AAAS
Kathryn Virginia Anderson,F,AAAS
Spyros Artavanis-Tsakonas,M,AAAS
Frederick M. Ausubel,M,AAAS
Utpal Banerjee,M,AAAS
Ben A. Barres,M,AAAS
Bonnie Bartel,F,AAAS
Bonnie Lynn Bassler,F,AAAS
Mary Catherine Beckerle,F,AAAS
Bruce A. Beutler,M,AAAS
John Michael Bishop,M,AAAS
Pamela J. Bjorkman,F,AAAS
Helen Margaret Blau,F,AAAS
Günter Klaus-Joachim Blobel,M,AAAS
Barry R. Bloom,M,AAAS
Kerry Steven Bloom,M,AAAS
Thomas Blumenthal,M,AAAS
Nancy Bonini,F,AAAS
John Tyler Bonner,M,AAAS
Gary G. Borisy,M,AAAS
David Botstein,M,AAAS
Daniel Branton,M,AAAS
Ralph Lawrence Brinster,M,AAAS
Marianne Bronner,F,AAAS
Donald David Brown,M,AAAS
Nancy L. R. Bucher,F,AAAS
Hugh John Forster Cairns,M,AAAS
Kathryn Lee Calame,F,AAAS
Mario R. Capecchi,M,AAAS
Marian B. Carlson,F,AAAS
Martin Chalfie,M,AAAS
Joanne Chory,F,AAAS
Don W. Cleveland,M,AAAS
Thomas W. Cline,M,AAAS
R. John Collier,M,AAAS
Peter Cresswell,M,AAAS
Tom Curran,M,AAAS
Mark M. Davis,M,AAAS
Igor Bert Dawid,M,AAAS
Pietro V. De Camilli,M,AAAS
Titia de Lange,F,AAAS
Ronald Anthony DePinho,M,AAAS
Edward M. De Robertis,M,AAAS
Chris Q. Doe,M,AAAS
William F. Dove,M,AAAS
David G. Drubin,M,AAAS
Susan K. Dutcher,F,AAAS
Joseph R. Ecker,M,AAAS
Robert N. Eisenman,M,AAAS
Michael B. Elowitz,M,AAAS
Scott David Emr,M,AAAS
Lynn W. Enquist,F,AAAS
Rochelle Easton Esposito,F,AAAS
Ray Franklin Evert,M,AAAS
Marilyn G. Farquhar,F,AAAS
Nina V. Fedoroff,F,AAAS
Susan S. Ferro-Novick,F,AAAS
Stanley Fields,M,AAAS
Andrew Z. Fire,M,AAAS
Uta Francke,F,AAAS
Scott E. Fraser,F,AAAS
Elaine V. Fuchs,F,AAAS
Margaret Tatnall Fuller,F,AAAS
Joseph Grafton Gall,M,AAAS
Donald Emil Ganem,M,AAAS
Alan Garen,M,AAAS
Lawrence I. Gilbert,M,AAAS
Alfred Goodman Gilman,M,AAAS
Alfred L. Goldberg,M,AAAS
Lawrence Steven Goldstein,M,AAAS
Ursula W. Goodenough,F,AAAS
Corey Scott Goodman,M,AAAS
Maxwell E. Gottesman,M,AAAS
Susan Gottesman,F,AAAS
Everett Peter Greenberg,M,AAAS
Iva S. Greenwald,F,AAAS
Shiv I.S. Grewal,M,AAAS
Paul R. Gross,M,AAAS
Mark Terry Groudine,M,AAAS
Michael Grunstein,M,AAAS
Leonard P. Guarente,M,AAAS
James E. Haber,M,AAAS
Jeffrey C. Hall,M,AAAS
Richard M. Harland,M,AAAS
Leland H. Hartwell,M,AAAS
R. Scott Hawley,M,AAAS
John E. Heuser,M,AAAS
Philip Andrew Hieter,M,AAAS
Brigid L. M. Hogan,F,AAAS
David S. Hogness,M,AAAS
Leroy Edward Hood,M,AAAS
Nancy Hopkins,F,AAAS
H. Robert Horvitz,M,AAAS
Peter Maxwell Howley,M,AAAS
Tony Hunter,M,AAAS
Richard Olding Hynes,M,AAAS
Kimishige Ishizaka,M,AAAS
Andre T. Jagendorf,M,AAAS
Alexander Dixon Johnson,M,AAAS
Mark Johnston,M,AAAS
Alexandra Leigh Joyner,F,AAAS
Fotis C. Kafatos,M,AAAS
Thomas C. Kaufman,M,AAAS
Kenneth J. Kemphues,M,AAAS
Cynthia J. Kenyon,F,AAAS
Stuart K. Kim,M,AAAS
Judith Kimble,F,AAAS
Charles Kimmel,M,AAAS
David Mark Kingsley,M,AAAS
Marc Wallace Kirschner,M,AAAS
Richard D. Klausner,M,AAAS
Thomas B. Kornberg,M,AAAS
Robert Krumlauf,M,AAAS
Louis M. Kunkel,M,AAAS
Thomas A. Kunkel,M,AAAS
Mitzi I. Kuroda,F,AAAS
Charles Hunt Langley,M,AAAS
Ruth Lehmann,F,AAAS
Leslie Anne Leinwand,F,AAAS
Michael Levine,M,AAAS
Dan Leslie Jr. Lindsley,M,AAAS
Dan Littman,M,AAAS
Trudy F.C. Mackay,F,AAAS
Terry Magnuson,M,AAAS
Anthony Peter Mahowald,M,AAAS
Philippa Marrack,M,AAAS
Gail Roberta Martin,F,AAAS
Joan Massagué,F,AAAS
Susan K. McConnell,F,AAAS
Frank P. McCormick,M,AAAS
Margaret J. McFall-Ngai,F,AAAS
William J. McGinnis,F,AAAS
Andrew P. McMahon,F,AAAS
Ira Mellman,M,AAAS
Craig Cameron Mello,M,AAAS
Douglas A. Melton,M,AAAS
Barbara Jean Meyer,F,AAAS
Elliot M. Meyerowitz,M,AAAS
Jeffrey H. Miller,M,AAAS
Beatrice Mintz,F,AAAS
Timothy J. Mitchison,M,AAAS
Randall T. Moon,M,AAAS
Richard I. Morimoto,M,AAAS
David Ledbetter Nanney,M,AAAS
W. James Nelson,M,AAAS
Eldon Henry Newcomb,M,AAAS
Hiroshi Nikaido,M,AAAS
Peter J. Novick,M,AAAS
Peter C. Nowell,M,AAAS
Roeland Nusse,M,AAAS
Ruth S. Nussenzweig,F,AAAS
Patrick H. O'Farrell,M,AAAS
Eric N. Olson,M,AAAS
George F. Oster,M,AAAS
David Conrad Page,M,AAAS
Peter Palese,M,AAAS
Mary Lou Pardue,F,AAAS
Sheldon Penman,M,AAAS
Norbert Perrimon,M,AAAS
Thomas D. Petes,M,AAAS
Suzanne Ruth Pfeffer,F,AAAS
Hidde L. Ploegh,M,AAAS
Thomas Dean Pollard,M,AAAS
Carol L. Prives,F,AAAS
Anjana Rao,F,AAAS
William S. Reznikoff,M,AAAS
Lynn Moorhead Riddiford,F,AAAS
Jasper Rine,M,AAAS
Robert G. Roeder,M,AAAS
Michael Rosbash,M,AAAS
James E. Rothman,M,AAAS
Rodney J. Rothstein,M,AAAS
Martine F. Roussel,F,AAAS
Gerald Mayer Rubin,M,AAAS
Harry Rubin,M,AAAS
Alexander Rudensky,M,AAAS
Erkki Ruoslahti,M,AAAS
Gary B. Ruvkun,M,AAAS
David Domingo Sabatini,M,AAAS
Edward Dickinson Salmon,M,AAAS
Alejandro Sánchez Alvarado,M,AAAS
Gordon Hisashi Sato,M,AAAS
Matthew Daniel Scharff,M,AAAS
David Gilliam Schatz,M,AAAS
Randy W. Schekman,M,AAAS
Richard H. Scheller,M,AAAS
Sandra L. Schmid,F,AAAS
Gertrud M. Schüpbach,F,AAAS
Matthew P. Scott,M,AAAS
Eric Ursell Selker,M,AAAS
Geraldine Seydoux,F,AAAS
Lucille Shapiro,F,AAAS
Carla Jo Shatz,M,AAAS
Thomas E. Shenk,M,AAAS
Richard Leon Sidman,M,AAAS
Thomas J. Silhavy,M,AAAS
M. Celeste Simon,F,AAAS
Michael Snyder,M,AAAS
David L. Spector,M,AAAS
Timothy Alan Springer,M,AAAS
James A. Spudich,M,AAAS
Paul W. Sternberg,M,AAAS
Ursula Beate Storb,F,AAAS
Susan Strome,F,AAAS
Gary Struhl,M,AAAS
Noboru Sueoka,M,AAAS
Clifford J. Tabin,M,AAAS
Craig B. Thompson,M,AAAS
Jeremy William Thorner,M,AAAS
Shirley Marie Caldwell Tilghman,F,AAAS
Robert Tjian,M,AAAS
Ronald D. Vale,M,AAAS
Harold Eliot Varmus,M,AAAS
Alexander Varshavsky,M,AAAS
Inder M. Verma,M,AAAS
Geoffrey Myles Wahl,M,AAAS
Douglas C. Wallace,M,AAAS
Peter Walter,M,AAAS
Susan R. Wessler,F,AAAS
Michael H. Wigler,M,AAAS
Fred M. Winston,M,AAAS
Evelyn Maisel Witkin,F,AAAS
Owen N. Witte,M,AAAS
Keith Robert Yamamoto,M,AAAS
Martin F. Yanofsky,M,AAAS
Junying Yuan,F,AAAS
Israel Zelitch,M,AAAS
S. Lawrence Zipursky,M,AAAS
Laurence F. Abbott,M,AAAS
Edward H. Adelson,M,AAAS
Bernard William Agranoff,M,AAAS
Huda Akil,F,AAAS
Thomas D. Albright,M,AAAS
Richard Warren Aldrich,M,AAAS
Richard A. Andersen,M,AAAS
Stephen Robert Anderson,M,AAAS
Nancy C. Andreasen,F,AAAS
Dora E. Angelaki,F,AAAS
Richard Chatham Atkinson,M,AAAS
Cornelia Isabella Bargmann,F,AAAS
Samuel H. Barondes,M,AAAS
Linda M. Bartoshuk,F,AAAS
Allan Basbaum,M,AAAS
Denis Aristide Baylor,M,AAAS
Bruce Palmer Bean,M,AAAS
Mark F. Bear,M,AAAS
Emilio Bizzi,M,AAAS
Randolph Blake,M,AAAS
Floyd Elliott Bloom,M,AAAS
Donald Sommers Blough,M,AAAS
Sheila Ellen Blumstein,F,AAAS
June Kathryn Bock,F,AAAS
Xandra Owens Breakefield,F,AAAS
Emery N. Brown,M,AAAS
Linda Brown Buck,F,AAAS
Edward M. Callaway,M,AAAS
Thomas James Carew,M,AAAS
John R. Carlson,M,AAAS
Marc G. Caron,M,AAAS
Constance Louise Cepko,F,AAAS
Patricia Smith Churchland,F,AAAS
Martha Constantine-Paton,F,AAAS
David Paul Corey,M,AAAS
Joseph T. Coyle,M,AAAS
David Pafford Crews,M,AAAS
Peter Dallos,M,AAAS
Antonio R. Damasio,M,AAAS
Hanna Damasio,F,AAAS
Mahlon Robert DeLong,M,AAAS
Robert Desimone,M,AAAS
Michael Hughes Dickinson,M,AAAS
John P. Donoghue,M,AAAS
John Elliott Dowling,M,AAAS
Catherine Dulac,F,AAAS
Howard Eichenbaum,M,AAAS
Christina Enroth-Cugell,F,AAAS
Martha Julia Farah,F,AAAS
Russell Dawson Fernald,M,AAAS
David L. Ferster,M,AAAS
Robert Fettiplace,M,AAAS
Howard Lincoln Fields,M,AAAS
Gerald David Fischbach,M,AAAS
Edwin Jean Furshpan,M,AAAS
Joaquín M. Fuster,M,AAAS
Fred H. Gage,M,AAAS
Michael S. Gazzaniga,M,AAAS
Apostolos P. Georgopoulos,M,AAAS
Charles D. Gilbert,M,AAAS
David D. Ginty,M,AAAS
Michael Ellis Goldberg,M,AAAS
Timothy Henshaw Goldsmith,M,AAAS
Roger A. Gorski,M,AAAS
Norma Graham,F,AAAS
Ann M. Graybiel,F,AAAS
David Marvin Green,M,AAAS
Michael Eldon Greenberg,M,AAAS
Paul Greengard,M,AAAS
Charles G. Gross,M,AAAS
Zach W. Hall,M,AAAS
Richard Marx Held,M,AAAS
Okihide Hikosaka,M,AAAS
John G. Hildebrand,M,AAAS
Bertil Hille,M,AAAS
Steven Allen Hillyard,M,AAAS
Julian Hochberg,M,AAAS
Susan Hockfield,F,AAAS
Douglas R. Hofstadter,M,AAAS
Donald C. Hood,M,AAAS
Ronald R. Hoy,M,AAAS
Albert J. Hudspeth,M,AAAS
Richard Lewis Huganir,M,AAAS
Lily Y. Jan,F,AAAS
Yuh Nung Jan,M,AAAS
Thomas M. Jessell,M,AAAS
David Julius,M,AAAS
Jon Kaas,M,AAAS
Eric Richard Kandel,M,AAAS
Nancy Kanwisher,F,AAAS
Harvey Jules Karten,M,AAAS
Donald Kennedy,M,AAAS
Nelson Yuan-Sheng Kiang,M,AAAS
David Kleinfeld,M,AAAS
Christof Koch,M,AAAS
Masakazu Konishi,M,AAAS
Stephen Michael Kosslyn,M,AAAS
Edward Arthur Kravitz,M,AAAS
Carol L. Krumhansl,F,AAAS
Patricia K. Kuhl,F,AAAS
Story Cleland Landis,F,AAAS
Lynn Landmesser,F,AAAS
Joseph E. LeDoux,M,AAAS
Virginia Man-Yee Lee,F,AAAS
Henry Allen Lester,M,AAAS
Stephen G. Lisberger,M,AAAS
Margaret S. Livingstone,F,AAAS
Rodolfo Riascos Llinas,M,AAAS
Liqun Luo,M,AAAS
Robert Charles Malenka,M,AAAS
Gail Mandel,F,AAAS
George Mandler,M,AAAS
Jean Matter Mandler,M,AAAS
Eve Marder,F,AAAS
John Henry Richard Maunsell,M,AAAS
David A. McCormick,M,AAAS
Bruce Sherman McEwen,M,AAAS
James Lafayette McGaugh,M,AAAS
Ricardo Miledi,M,AAAS
Mortimer Mishkin,M,AAAS
J. Anthony Movshon,M,AAAS
Ken Nakayama,M,AAAS
Jeremy Nathans,M,AAAS
Eric J. Nestler,M,AAAS
Helen J. Neville,F,AAAS
Roger Andrew Nicoll,M,AAAS
Donald A. Norman,M,AAAS
Robert M. Nosofsky,M,AAAS
Fernando Nottebohm,M,AAAS
Dennis D.M. O'Leary,M,AAAS
Elizabeth A. Phelps,F,AAAS
Janet Breckenridge Pierrehumbert ,F,AAAS
Steven Pinker,M,AAAS
Tomaso Poggio,M,AAAS
Jerome B. Posner,M,AAAS
Michael I. Posner,M,AAAS
Dale Purves,M,AAAS
Marcus E. Raichle,M,AAAS
Pasko Rakic,M,AAAS
Wilfrid Rall,M,AAAS
Robert Richard Rando,M,AAAS
Roger Ratcliff,M,AAAS
Elio Raviola,M,AAAS
Louis French Reichardt,M,AAAS
Robert A. Rescorla,M,AAAS
Eugene Roberts,M,AAAS
Bernardo Luis Sabatini,M,AAAS
Joshua Richard Sanes,M,AAAS
Daniel Lawrence Schacter,M,AAAS
Arnold Bernard Scheibel,M,AAAS
Peter H. Schiller,M,AAAS
Bodil Mimi Schmidt-Nielsen,F,AAAS
Neena B. Schwartz,F,AAAS
Amita Sehgal,F,AAAS
Terrence Joseph Sejnowski,M,AAAS
Roger Newland Shepard,M,AAAS
Gordon Murray Shepherd,M,AAAS
Richard Shiffrin,M,AAAS
Eric M. Shooter,M,AAAS
Steven A. Siegelbaum,M,AAAS
Rae Silver,F,AAAS
Solomon Halbert Snyder,M,AAAS
George Sperling,M,AAAS
Nicholas Canaday Spitzer,M,AAAS
Larry Ryan Squire,M,AAAS
Charles F. Stevens,M,AAAS
Peter L. Strick,M,AAAS
Michael P. Stryker,M,AAAS
Thomas C. Südhof,M,AAAS
Nobuo Suga,M,AAAS
Mriganka Sur,M,AAAS
Larry William Swanson,M,AAAS
John Arthur Swets,M,AAAS
Joseph S. Takahashi,M,AAAS
Edwin William Taylor,M,AAAS
Marc Trevor Tessier-Lavigne,M,AAAS
Anne Treisman,F,AAAS
James William Truman,M,AAAS
Roger Y. Tsien,M,AAAS
Gina G. Turrigiano,F,AAAS
Kamil Ugurbil,M,AAAS
Leslie Ungerleider,F,AAAS
Brian A. Wandell,M,AAAS
Gary L. Westbrook,M,AAAS
Gerald Westheimer,M,AAAS
Nancy Sabin Wexler,F,AAAS
Torsten Nils Wiesel,M,AAAS
Matthew A. Wilson,M,AAAS
Rachel I. Wilson,F,AAAS
Robert Henry Wurtz,M,AAAS
King-Wai Yau,M,AAAS
Larry James Young,M,AAAS
Charles Zuker,M,AAAS
Arnold Melchior Zwicky,M,AAAS
Abul K. Abbas,M,AAAS
François M. Abboud,M,AAAS
Peter Courtland Agre,M,AAAS
Linda H. Aiken,F,AAAS
Qais Al-Awqati,M,AAAS
Frederick Wayne Alt,M,AAAS
Arturo Alvarez-Buylla,M,AAAS
Everett Anderson,M,AAAS
Nancy C. Andrews,F,AAAS
Peter S. Aronson,M,AAAS
Ann M. Arvin,F,AAAS
Dennis A. Ausiello,M,AAAS
Karl Frank Austen,M,AAAS
W. Gerald Austen,M,AAAS
Dorothy Ford Bainton,F,AAAS
Clyde Frederick Barker,M,AAAS
Graeme I. Bell,M,AAAS
G. Vann Bennett,M,AAAS
Jean Bennett,M,AAAS
Joe Claude Bennett,M,AAAS
Edward J. Jr. Benz,M,AAAS
Mina J. Bissell,F,AAAS
Martin J. Blaser,M,AAAS
Clara Derber Bloomfield,F,AAAS
Jeffrey Allen Bluestone,M,AAAS
Eugene Braunwald,M,AAAS
Michael Stuart Brown,M,AAAS
Howard Franklin Bunn,M,AAAS
Maurice B. Burg,M,AAAS
Kevin Peter Campbell,M,AAAS
Harvey Cantor,M,AAAS
Dennis A. Carson,M,AAAS
William A. Catterall,M,AAAS
Anthony Cerami,M,AAAS
Lincoln Chih-ho Chen,M,AAAS
Arul M. Chinnaiyan,M,AAAS
Purnell W. Choppin,M,AAAS
David E. Clapham,M,AAAS
John Allen Clements,M,AAAS
Barry Spencer Coller,M,AAAS
Francis Sellers Collins,M,AAAS
James P. Comer,M,AAAS
Max Dale Cooper,M,AAAS
Lawrence Corey,M,AAAS
Shaun Robert Coughlin,M,AAAS
Pedro M. Cuatrecasas,M,AAAS
George Q. Daley,M,AAAS
Chi Van Dang,M,AAAS
John Rouben David,M,AAAS
Haile Tesfaye Debas,M,AAAS
Susan Desmond-Hellmann,F,AAAS
Vishva M. Dixit,M,AAAS
Patricia K. Donahoe,F,AAAS
Brian J. Druker,M,AAAS
Felton James Earls,M,AAAS
Joel Elkes,M,AAAS
Jonathan A. Epstein,M,AAAS
Claire Mintzer Fagin,F,AAAS
Stanley Falkow,M,AAAS
Paul Edward Farmer,M,AAAS
Anthony S. Fauci,M,AAAS
Andrew Paul Feinberg,M,AAAS
Donna Marie Ferriero,F,AAAS
Harvey V. Fineberg,M,AAAS
Alan Finkelstein,M,AAAS
Mark Charles Fishman,M,AAAS
Garret Adare FitzGerald,M,AAAS
Jeffrey Scott Flier,M,AAAS
Bernard G. Forget,M,AAAS
Daniel Willett Foster,M,AAAS
Henry W. Jr. Foster,M,AAAS
Joseph Francis Jr. Fraumeni,M,AAAS
Gerhard Giebisch,M,AAAS
Irma Gigli,F,AAAS
Gordon N. Gill,M,AAAS
Sid Gilman,M,AAAS
Michael A. Jr. Gimbrone,M,AAAS
David Ginsburg,M,AAAS
Christopher K. Glass,M,AAAS
Laurie H. Glimcher,F,AAAS
Joseph Leonard Goldstein,M,AAAS
Jeffrey Ivan Gordon,M,AAAS
Michael Marc Gottesman,M,AAAS
Warner Craig Greene,M,AAAS
Melvin Malcolm Grumbach,M,AAAS
Daniel Arie Haber,M,AAAS
David Alan Hamburg,M,AAAS
Stephen L. Hauser,M,AAAS
Richard J. Havel,M,AAAS
Barton Ford Haynes,M,AAAS
Donald Ainslie Henderson,M,AAAS
Howard H. Hiatt,M,AAAS
Eve J. Higginbotham,F,AAAS
Katherine Ann High,F,AAAS
David Ho,M,AAAS
Helen Haskell Hobbs,F,AAAS
Joseph Frederick Hoffman,M,AAAS
Donald R. Hopkins,M,AAAS
Susan Band Horwitz,F,AAAS
Louis Joseph Ignarro,M,AAAS
Kurt Julius Isselbacher,M,AAAS
James Larry Jameson,M,AAAS
Kay Redfield Jamison,F,AAAS
Carl H. June,M,AAAS
C. Ronald Kahn,M,AAAS
Yuet Wai Kan,M,AAAS
Morris John Karnovsky,M,AAAS
Jerome P. Kassirer,M,AAAS
Michael Barry Kastan,M,AAAS
Benita S. Katzenellenbogen,F,AAAS
Kenneth Kaushansky,M,AAAS
Mark Taylor Keating,M,AAAS
Elliott Dan Kieff,M,AAAS
Jim Yong Kim,M,AAAS
Talmadge Everett Jr. King,M,AAAS
Seymour J. Klebanoff,M,AAAS
Arthur Kleinman,M,AAAS
Alfred George Knudson,M,AAAS
Gary A. Koretzky,M,AAAS
Stuart Arthur Kornfeld,M,AAAS
Lewis Lee Lanier,M,AAAS
Michell Avery Lazar,M,AAAS
Philip Randolph Lee,M,AAAS
Susan Epstein Leeman,F,AAAS
Robert Joseph Lefkowitz,M,AAAS
Jeffrey Marc Leiden,M,AAAS
Michael J. Lenardo,M,AAAS
Jay A. Levy,M,AAAS
Timothy J. Ley,M,AAAS
Shutsung Liao,M,AAAS
Judy Lieberman,F,AAAS
Richard P. Lifton,M,AAAS
David Morse Livingston,M,AAAS
Richard Michael Locksley,M,AAAS
Irving Myer London,M,AAAS
Laszlo Lorand,M,AAAS
Joseph Loscalzo,M,AAAS
Scott William Lowe,M,AAAS
Kenneth Marc Ludmerer,M,AAAS
James R. Lupski,M,AAAS
Robert W. Mahley,M,AAAS
Philip Warren Majerus,M,AAAS
Andrew Robert Marks,M,AAAS
Paul A. Marks,M,AAAS
Joseph Boyd Martin,M,AAAS
Diane Mathis,F,AAAS
Hugh O'Neill McDevitt,M,AAAS
Barbara J. McNeil,F,AAAS
Anthony R. Means,M,AAAS
Sherman Mussoff Mellinkoff,M,AAAS
Michael Menaker,M,AAAS
John Mendelsohn,M,AAAS
Arno Gunther Motulsky,M,AAAS
Elizabeth G. Nabel,F,AAAS
Gary Jan Nabel,M,AAAS
Carol C. Nadelson,F,AAAS
David Gordon Nathan,M,AAAS
Philip Needleman,M,AAAS
Joseph R. Nevins,M,AAAS
Maria I. New,F,AAAS
Paul Maxime Nurse,M,AAAS
Robert L. Nussbaum,M,AAAS
Michel Claudio Nussenzweig,M,AAAS
Victor Nussenzweig,M,AAAS
John Alexander Jr. Oates,M,AAAS
Paul A. Offit,M,AAAS
Jerrold M. Olefsky,M,AAAS
Olufunmilayo I. Olopade,F,AAAS
Bert W. O'Malley,M,AAAS
Stuart Holland Orkin,M,AAAS
June E. Osborn,F,AAAS
Thalia Papayannopoulou,F,AAAS
Luis Fernando Parada,M,AAAS
Ira Harry Pastan,M,AAAS
Roger M. Perlmutter,M,AAAS
Chester Middlebrook Pierce,M,AAAS
Vivian Winona Pinn,F,AAAS
Helen M. Piwnica-Worms,F,AAAS
John Thomas Jr. Potts,M,AAAS
Alvin Francis Poussaint,M,AAAS
Stanley Ben Prusiner,M,AAAS
Louis J. Ptácek,M,AAAS
Judith Livant Rapoport,F,AAAS
Jeffrey Victor Ravetch,M,AAAS
Seymour Reichlin,M,AAAS
JoAnne Stewart Richards,F,AAAS
Griffin P. Rodgers,M,AAAS
Michael Geoffrey Rosenfeld,M,AAAS
Jesse Roth,M,AAAS
John Wallis Rowe,M,AAAS
Arthur Harold Rubenstein,M,AAAS
David W. Russell,M,AAAS
Paul S. Russell,M,AAAS
David Satcher,M,AAAS
Charles Lazelle Sawyers,M,AAAS
David T. Scadden,M,AAAS
Andrew Victor Schally,M,AAAS
Mark S. Schlissel,M,AAAS
Joseph Schlessinger,M,AAAS
Robert David Schreiber,M,AAAS
Steven A. Schroeder,M,AAAS
Christine Seidman,F,AAAS
Jonathan Seidman,M,AAAS
Donald Wayne Seldin,M,AAAS
Larry Jay Shapiro,M,AAAS
Charles J. Sherr,M,AAAS
Samuel C. Silverstein,M,AAAS
Lloyd Hollingsworth Jr. Smith,M,AAAS
Patricia G. Spear,F,AAAS
Deepak Srivastava,M,AAAS
George Stamatoyannopoulos,M,AAAS
Thomas E. Starzl,M,AAAS
Thomas P. Stossel,M,AAAS
Robert Davis Terry,M,AAAS
Michael Oliver Thorner,M,AAAS
Richard W. Tsien,M,AAAS
Jonathan William Uhr,M,AAAS
Emil Raphael Unanue,M,AAAS
Roger Harold Unger,M,AAAS
William Newton Valentine,M,AAAS
Ajit P. Varki,M,AAAS
Ellen S. Vitetta,F,AAAS
Bert Vogelstein,M,AAAS
Thomas Alexander Waldmann,M,AAAS
Bruce D. Walker,M,AAAS
Stephen T. Warren,M,AAAS
A. Eugene Washington,M,AAAS
Arthur Weiss,M,AAAS
Michael J. Welsh,M,AAAS
Zena Werb,F,AAAS
John B. West,M,AAAS
Raymond L. White,M,AAAS
Huntington Faxon Willard,M,AAAS
Lewis T. Williams,M,AAAS
Jean D. Wilson,M,AAAS
James Barnes Wyngaarden,M,AAAS
George D. Yancopoulos,M,AAAS
Wayne M. Yokoyama,M,AAAS
Anne B. Young,F,AAAS
Nicholas Themistocles Zervas,M,AAAS
Leonard Ira Zon,M,AAAS
Dorothea Zucker-Franklin,F,AAAS
