Novak Djokovic,M,Tennis
Andy Murray,M,Tennis
Roger Federer,M,Tennis
Rafael Nadal,M,Tennis
Stan Wawrinka,M,Tennis
Kei Nishikori,M,Tennis
Dominic Thiem,M,Tennis
Tomas Berdych,M,Tennis
Milos Raonic,M,Tennis
Richard Gasquet,M,Tennis
David Goffin,M,Tennis
Jo-Wilfried Tsonga,M,Tennis
Marin Cilic,M,Tennis
David Ferrer,M,Tennis
Gael Monfils,M,Tennis
Roberto Bautista Agut,M,Tennis
John Isner,M,Tennis
Gilles Simon,M,Tennis
Nick Kyrgios,M,Tennis
Kevin Anderson,M,Tennis
Viktor Troicki,M,Tennis
Feliciano Lopez,M,Tennis
Bernard Tomic,M,Tennis
Benoit Paire,M,Tennis
Pablo Cuevas,M,Tennis
Philipp Kohlschreiber,M,Tennis
Jack Sock,M,Tennis
Ivo Karlovic,M,Tennis
Lucas Pouille,M,Tennis
Joao Sousa,M,Tennis
Alexandr Dolgopolov,M,Tennis
Albert Ramos-Vinolas,M,Tennis
Jeremy Chardy,M,Tennis
Fabio Fognini,M,Tennis
Federico Delbonis,M,Tennis
Grigor Dimitrov,M,Tennis
Sam Querrey,M,Tennis
Alexander Zverev,M,Tennis
Steve Johnson,M,Tennis
Andreas Seppi,M,Tennis
Marcos Baghdatis,M,Tennis
Andrey Kuznetsov,M,Tennis
Pablo Carreno Busta,M,Tennis
Gilles Muller,M,Tennis
Marcel Granollers,M,Tennis
Vasek Pospisil,M,Tennis
Nicolas Almagro,M,Tennis
Borna Coric,M,Tennis
Nicolas Mahut,M,Tennis
Guido Pella,M,Tennis
Serena Williams,F,Tennis
Garbine Muguruza,F,Tennis
Agnieszka Radwanska,F,Tennis
Angelique Kerber,F,Tennis
Simona Halep,F,Tennis
Victoria Azarenka,F,Tennis
Roberta Vinci,F,Tennis
Belinda Bencic,F,Tennis
Venus Williams,F,Tennis
Timea Bacsinszky,F,Tennis
Petra Kvitova,F,Tennis
Svetlana Kuznetsova,F,Tennis
Flavia Pennetta,F,Tennis
Samantha Stosur,F,Tennis
Carla Suarez Navarro,F,Tennis
Madison Keys,F,Tennis
Karolina Pliskova,F,Tennis
Johanna Konta,F,Tennis
Elina Svitolina,F,Tennis
Sloane Stephens,F,Tennis
Dominika Cibulkova,F,Tennis
Sara Errani,F,Tennis
Anastasia Pavlyuchenkova,F,Tennis
Jelena Jankovic,F,Tennis
Ana Ivanovic,F,Tennis
Maria Sharapova,F,Tennis
Kiki Bertens,F,Tennis
Irina-Camelia Begu,F,Tennis
Lucie Safarova,F,Tennis
Barbora Strycova,F,Tennis
Daria Kasatkina,F,Tennis
Kristina Mladenovic,F,Tennis
Andrea Petkovic,F,Tennis
Caroline Wozniacki,F,Tennis
Yulia Putintseva,F,Tennis
Ekaterina Makarova,F,Tennis
Monica Niculescu,F,Tennis
Caroline Garcia,F,Tennis
Jelena Ostapenko,F,Tennis
Anna Karolina Schmiedlova,F,Tennis
Annika Beck,F,Tennis
Laura Siegemund,F,Tennis
Coco Vandeweghe,F,Tennis
Lesia Tsurenko,F,Tennis
Timea Babos,F,Tennis
Eugenie Bouchard,F,Tennis
Camila Giorgi,F,Tennis
Misaki Doi,F,Tennis
Monica Puig,F,Tennis
Yanina Wickmayer,F,Tennis
